timestamp,value
2026-06-15T22:42:53.050661,375.571993
2026-06-15T22:42:53.052090,391.049131
2026-06-15T22:42:53.053518,398.586399
2026-06-15T22:42:53.054947,405.927118
2026-06-15T22:42:53.056375,404.936253
2026-06-15T22:42:53.057804,398.617401
2026-06-15T22:42:53.059232,386.540349
2026-06-15T22:42:53.060661,374.812065
2026-06-15T22:42:53.062090,361.131432
2026-06-15T22:42:53.063518,351.660842
2026-06-15T22:42:53.064947,346.390815
2026-06-15T22:42:53.066375,344.045262
2026-06-15T22:42:53.067804,353.466844
2026-06-15T22:42:53.069232,363.643489
2026-06-15T22:42:53.070661,374.717455
2026-06-15T22:42:53.072090,387.691299
2026-06-15T22:42:53.073518,400.686629
2026-06-15T22:42:53.074947,403.489183
2026-06-15T22:42:53.076375,407.413835
2026-06-15T22:42:53.077804,399.908483
2026-06-15T22:42:53.079232,385.966258
2026-06-15T22:42:53.080661,376.669352
2026-06-15T22:42:53.082090,364.406206
2026-06-15T22:42:53.083518,354.631467
2026-06-15T22:42:53.084947,346.100086
2026-06-15T22:42:53.086375,344.889649
2026-06-15T22:42:53.087804,350.039910
2026-06-15T22:42:53.089232,362.803497
2026-06-15T22:42:53.090661,373.608308
2026-06-15T22:42:53.092090,388.600104
2026-06-15T22:42:53.093518,398.774948
2026-06-15T22:42:53.094947,401.342485
2026-06-15T22:42:53.096375,403.504339
2026-06-15T22:42:53.097804,398.633018
2026-06-15T22:42:53.099232,388.247486
2026-06-15T22:42:53.100661,372.547597
2026-06-15T22:42:53.102090,363.615667
2026-06-15T22:42:53.103518,349.270689
2026-06-15T22:42:53.104947,349.487798
2026-06-15T22:42:53.106375,344.110737
2026-06-15T22:42:53.107804,352.184195
2026-06-15T22:42:53.109232,363.245083
2026-06-15T22:42:53.110661,372.853092
2026-06-15T22:42:53.112090,387.156651
2026-06-15T22:42:53.113518,397.714858
2026-06-15T22:42:53.114947,406.100895
2026-06-15T22:42:53.116375,403.135695
2026-06-15T22:42:53.117804,399.492887
2026-06-15T22:42:53.119232,386.485273
2026-06-15T22:42:53.120661,374.768152
2026-06-15T22:42:53.122090,362.387467
2026-06-15T22:42:53.123518,350.428055
2026-06-15T22:42:53.124947,344.818760
2026-06-15T22:42:53.126375,346.955846
2026-06-15T22:42:53.127804,349.778336
2026-06-15T22:42:53.129232,362.513759
2026-06-15T22:42:53.130661,375.148738
2026-06-15T22:42:53.132090,386.215740
2026-06-15T22:42:53.133518,397.649669
2026-06-15T22:42:53.134947,403.302478
2026-06-15T22:42:53.136375,404.037073
2026-06-15T22:42:53.137804,400.468743
2026-06-15T22:42:53.139232,388.997473
2026-06-15T22:42:53.140661,373.486896
2026-06-15T22:42:53.142090,361.285774
2026-06-15T22:42:53.143518,351.746288
2026-06-15T22:42:53.144947,348.117183
2026-06-15T22:42:53.146375,345.388829
2026-06-15T22:42:53.147804,349.791294
2026-06-15T22:42:53.149232,363.518869
2026-06-15T22:42:53.150661,375.290415
2026-06-15T22:42:53.152090,387.906953
2026-06-15T22:42:53.153518,398.776714
2026-06-15T22:42:53.154947,404.054189
2026-06-15T22:42:53.156375,400.902345
2026-06-15T22:42:53.157804,399.847770
2026-06-15T22:42:53.159232,385.887240
2026-06-15T22:42:53.160661,375.632966
2026-06-15T22:42:53.162090,363.301288
2026-06-15T22:42:53.163518,352.408363
2026-06-15T22:42:53.164947,344.042726
2026-06-15T22:42:53.166375,344.587137
2026-06-15T22:42:53.167804,351.835075
2026-06-15T22:42:53.169232,362.814840
2026-06-15T22:42:53.170661,373.702227
2026-06-15T22:42:53.172090,390.186435
2026-06-15T22:42:53.173518,396.715189
2026-06-15T22:42:53.174947,404.173657
2026-06-15T22:42:53.176375,402.961532
2026-06-15T22:42:53.177804,396.350538
2026-06-15T22:42:53.179232,384.925382
2026-06-15T22:42:53.180661,375.265799
2026-06-15T22:42:53.182090,361.803204
2026-06-15T22:42:53.183518,351.984343
2026-06-15T22:42:53.184947,346.593656
2026-06-15T22:42:53.186375,346.762463
2026-06-15T22:42:53.187804,351.743043
2026-06-15T22:42:53.189232,363.829404
2026-06-15T22:42:53.190661,373.408402
2026-06-15T22:42:53.192090,389.399074
2026-06-15T22:42:53.193518,397.098679
2026-06-15T22:42:53.194947,406.461268
2026-06-15T22:42:53.196375,405.198525
2026-06-15T22:42:53.197804,399.695779
2026-06-15T22:42:53.199232,390.877182
2026-06-15T22:42:53.200661,373.897593
2026-06-15T22:42:53.202090,362.471609
2026-06-15T22:42:53.203518,351.915756
2026-06-15T22:42:53.204947,345.165839
2026-06-15T22:42:53.206375,346.131568
2026-06-15T22:42:53.207804,351.246763
2026-06-15T22:42:53.209232,359.603696
2026-06-15T22:42:53.210661,375.101207
2026-06-15T22:42:53.212090,388.405529
2026-06-15T22:42:53.213518,399.474090
2026-06-15T22:42:53.214947,406.479732
2026-06-15T22:42:53.216375,402.431248
2026-06-15T22:42:53.217804,399.918957
2026-06-15T22:42:53.219232,387.355159
2026-06-15T22:42:53.220661,372.478182
2026-06-15T22:42:53.222090,362.185661
2026-06-15T22:42:53.223518,354.784735
2026-06-15T22:42:53.224947,346.871544
2026-06-15T22:42:53.226375,346.083792
2026-06-15T22:42:53.227804,349.973682
2026-06-15T22:42:53.229232,360.532693
2026-06-15T22:42:53.230661,375.546239
2026-06-15T22:42:53.232090,387.343003
2026-06-15T22:42:53.233518,402.232984
2026-06-15T22:42:53.234947,402.995205
2026-06-15T22:42:53.236375,404.918023
2026-06-15T22:42:53.237804,399.521143
2026-06-15T22:42:53.239232,390.430914
2026-06-15T22:42:53.240661,375.592526
2026-06-15T22:42:53.242090,360.895214
2026-06-15T22:42:53.243518,349.335209
2026-06-15T22:42:53.244947,347.294104
2026-06-15T22:42:53.246375,345.141359
2026-06-15T22:42:53.247804,351.576938
2026-06-15T22:42:53.249232,362.485684
2026-06-15T22:42:53.250661,374.464145
2026-06-15T22:42:53.252090,390.894790
2026-06-15T22:42:53.253518,400.993579
2026-06-15T22:42:53.254947,401.662977
2026-06-15T22:42:53.256375,405.878510
2026-06-15T22:42:53.257804,399.864506
2026-06-15T22:42:53.259232,390.298493
2026-06-15T22:42:53.260661,374.724216
2026-06-15T22:42:53.262090,363.435510
2026-06-15T22:42:53.263518,352.223636
2026-06-15T22:42:53.264947,344.911109
2026-06-15T22:42:53.266375,342.910624
2026-06-15T22:42:53.267804,350.116713
2026-06-15T22:42:53.269232,359.746081
2026-06-15T22:42:53.270661,370.736240
2026-06-15T22:42:53.272090,385.808241
2026-06-15T22:42:53.273518,400.754867
2026-06-15T22:42:53.274947,403.952853
2026-06-15T22:42:53.276375,402.557604
2026-06-15T22:42:53.277804,398.162325
2026-06-15T22:42:53.279232,389.082576
2026-06-15T22:42:53.280661,374.361976
2026-06-15T22:42:53.282090,361.528177
2026-06-15T22:42:53.283518,353.050603
2026-06-15T22:42:53.284947,346.381665
2026-06-15T22:42:53.286375,345.517299
2026-06-15T22:42:53.287804,348.972348
2026-06-15T22:42:53.289232,362.144546
2026-06-15T22:42:53.290661,374.927258
2026-06-15T22:42:53.292090,386.076484
2026-06-15T22:42:53.293518,396.167118
2026-06-15T22:42:53.294947,404.720924
2026-06-15T22:42:53.296375,404.133661
2026-06-15T22:42:53.297804,397.633644
2026-06-15T22:42:53.299232,386.250203
2026-06-15T22:42:53.300661,374.564526
2026-06-15T22:42:53.302090,364.553627
2026-06-15T22:42:53.303518,350.605393
2026-06-15T22:42:53.304947,348.157223
2026-06-15T22:42:53.306375,344.704770
2026-06-15T22:42:53.307804,349.415904
2026-06-15T22:42:53.309232,361.773492
2026-06-15T22:42:53.310661,372.531166
2026-06-15T22:42:53.312090,389.567545
2026-06-15T22:42:53.313518,395.742172
2026-06-15T22:42:53.314947,404.431621
2026-06-15T22:42:53.316375,403.345837
2026-06-15T22:42:53.317804,397.855870
2026-06-15T22:42:53.319232,386.886788
2026-06-15T22:42:53.320661,375.706426
2026-06-15T22:42:53.322090,359.102709
2026-06-15T22:42:53.323518,347.664510
2026-06-15T22:42:53.324947,344.401270
2026-06-15T22:42:53.326375,347.469026
2026-06-15T22:42:53.327804,351.811444
2026-06-15T22:42:53.329232,360.278228
2026-06-15T22:42:53.330661,374.482875
2026-06-15T22:42:53.332090,387.549781
2026-06-15T22:42:53.333518,398.226224
2026-06-15T22:42:53.334947,404.412927
2026-06-15T22:42:53.336375,405.813010
2026-06-15T22:42:53.337804,396.501079
2026-06-15T22:42:53.339232,389.349308
2026-06-15T22:42:53.340661,374.061550
2026-06-15T22:42:53.342090,363.354987
2026-06-15T22:42:53.343518,351.758879
2026-06-15T22:42:53.344947,345.105085
2026-06-15T22:42:53.346375,346.645853
2026-06-15T22:42:53.347804,353.987316
2026-06-15T22:42:53.349232,361.194185
2026-06-15T22:42:53.350661,376.627768
2026-06-15T22:42:53.352090,391.290575
2026-06-15T22:42:53.353518,397.395701
2026-06-15T22:42:53.354947,406.038634
2026-06-15T22:42:53.356375,404.572171
2026-06-15T22:42:53.357804,395.854753
2026-06-15T22:42:53.359232,388.325726
2026-06-15T22:42:53.360661,373.039396
2026-06-15T22:42:53.362090,361.232047
2026-06-15T22:42:53.363518,352.313001
2026-06-15T22:42:53.364947,348.691158
2026-06-15T22:42:53.366375,346.850173
2026-06-15T22:42:53.367804,352.287124
2026-06-15T22:42:53.369232,362.910820
2026-06-15T22:42:53.370661,377.602021
2026-06-15T22:42:53.372090,388.264045
2026-06-15T22:42:53.373518,398.976391
2026-06-15T22:42:53.374947,406.320228
2026-06-15T22:42:53.376375,403.931804
2026-06-15T22:42:53.377804,397.867683
2026-06-15T22:42:53.379232,390.265234
2026-06-15T22:42:53.380661,377.147146
2026-06-15T22:42:53.382090,361.520252
2026-06-15T22:42:53.383518,352.508530
2026-06-15T22:42:53.384947,346.220369
2026-06-15T22:42:53.386375,347.778411
2026-06-15T22:42:53.387804,351.890404
2026-06-15T22:42:53.389232,362.329379
2026-06-15T22:42:53.390661,372.692144
2026-06-15T22:42:53.392090,387.614938
2026-06-15T22:42:53.393518,399.505695
2026-06-15T22:42:53.394947,403.363112
2026-06-15T22:42:53.396375,403.034713
2026-06-15T22:42:53.397804,401.284796
2026-06-15T22:42:53.399232,388.570761
2026-06-15T22:42:53.400661,377.487782
2026-06-15T22:42:53.402090,361.740873
2026-06-15T22:42:53.403518,353.323187
2026-06-15T22:42:53.404947,342.257332
2026-06-15T22:42:53.406375,341.942368
2026-06-15T22:42:53.407804,352.595495
2026-06-15T22:42:53.409232,361.582431
2026-06-15T22:42:53.410661,374.649102
2026-06-15T22:42:53.412090,389.069530
2026-06-15T22:42:53.413518,398.075867
2026-06-15T22:42:53.414947,404.534923
2026-06-15T22:42:53.416375,403.618894
2026-06-15T22:42:53.417804,397.682656
2026-06-15T22:42:53.419232,386.161890
2026-06-15T22:42:53.420661,374.558456
2026-06-15T22:42:53.422090,361.733998
2026-06-15T22:42:53.423518,353.222589
2026-06-15T22:42:53.424947,345.825898
2026-06-15T22:42:53.426375,348.655000
2026-06-15T22:42:53.427804,351.208296
2026-06-15T22:42:53.429232,360.895941
2026-06-15T22:42:53.430661,374.730074
2026-06-15T22:42:53.432090,388.818298
2026-06-15T22:42:53.433518,399.975776
2026-06-15T22:42:53.434947,405.309767
2026-06-15T22:42:53.436375,405.200112
2026-06-15T22:42:53.437804,400.564391
2026-06-15T22:42:53.439232,386.721026
2026-06-15T22:42:53.440661,374.729481
2026-06-15T22:42:53.442090,361.686503
2026-06-15T22:42:53.443518,350.201614
2026-06-15T22:42:53.444947,344.476915
2026-06-15T22:42:53.446375,344.863522
2026-06-15T22:42:53.447804,352.483968
2026-06-15T22:42:53.449232,363.776009
2026-06-15T22:42:53.450661,378.524234
2026-06-15T22:42:53.452090,387.966740
2026-06-15T22:42:53.453518,399.927880
2026-06-15T22:42:53.454947,400.701234
2026-06-15T22:42:53.456375,402.729430
2026-06-15T22:42:53.457804,399.538652
2026-06-15T22:42:53.459232,390.670496
2026-06-15T22:42:53.460661,375.114700
2026-06-15T22:42:53.462090,362.925724
2026-06-15T22:42:53.463518,352.305442
2026-06-15T22:42:53.464947,348.901270
2026-06-15T22:42:53.466375,346.061538
2026-06-15T22:42:53.467804,350.422101
2026-06-15T22:42:53.469232,361.165275
2026-06-15T22:42:53.470661,373.722419
2026-06-15T22:42:53.472090,385.903258
2026-06-15T22:42:53.473518,398.423667
2026-06-15T22:42:53.474947,405.408243
2026-06-15T22:42:53.476375,403.530667
2026-06-15T22:42:53.477804,397.466208
2026-06-15T22:42:53.479232,388.081593
2026-06-15T22:42:53.480661,373.521652
2026-06-15T22:42:53.482090,363.369919
2026-06-15T22:42:53.483518,350.954883
2026-06-15T22:42:53.484947,344.211857
2026-06-15T22:42:53.486375,345.133465
2026-06-15T22:42:53.487804,352.859999
2026-06-15T22:42:53.489232,364.315594
2026-06-15T22:42:53.490661,376.338059
2026-06-15T22:42:53.492090,386.561136
2026-06-15T22:42:53.493518,397.465661
2026-06-15T22:42:53.494947,405.450417
2026-06-15T22:42:53.496375,402.065790
2026-06-15T22:42:53.497804,399.010947
2026-06-15T22:42:53.499232,387.678252
2026-06-15T22:42:53.500661,374.490999
2026-06-15T22:42:53.502090,361.015993
2026-06-15T22:42:53.503518,354.231171
2026-06-15T22:42:53.504947,348.132715
2026-06-15T22:42:53.506375,346.635427
2026-06-15T22:42:53.507804,354.106246
2026-06-15T22:42:53.509232,361.918152
2026-06-15T22:42:53.510661,373.678264
2026-06-15T22:42:53.512090,387.024944
2026-06-15T22:42:53.513518,398.192565
2026-06-15T22:42:53.514947,403.325005
2026-06-15T22:42:53.516375,404.612964
2026-06-15T22:42:53.517804,399.067053
2026-06-15T22:42:53.519232,387.825875
2026-06-15T22:42:53.520661,373.817199
2026-06-15T22:42:53.522090,360.797269
2026-06-15T22:42:53.523518,350.773979
2026-06-15T22:42:53.524947,345.880294
2026-06-15T22:42:53.526375,344.949896
2026-06-15T22:42:53.527804,349.102005
2026-06-15T22:42:53.529232,361.581650
2026-06-15T22:42:53.530661,370.798160
2026-06-15T22:42:53.532090,387.350267
2026-06-15T22:42:53.533518,399.217858
2026-06-15T22:42:53.534947,406.084453
2026-06-15T22:42:53.536375,400.715581
2026-06-15T22:42:53.537804,396.006771
2026-06-15T22:42:53.539232,389.331867
2026-06-15T22:42:53.540661,375.308470
2026-06-15T22:42:53.542090,363.365938
2026-06-15T22:42:53.543518,350.369326
2026-06-15T22:42:53.544947,345.283958
2026-06-15T22:42:53.546375,344.553154
2026-06-15T22:42:53.547804,352.259811
2026-06-15T22:42:53.549232,362.916653
2026-06-15T22:42:53.550661,374.693761
2026-06-15T22:42:53.552090,389.212663
2026-06-15T22:42:53.553518,397.315063
2026-06-15T22:42:53.554947,404.589223
2026-06-15T22:42:53.556375,403.550067
2026-06-15T22:42:53.557804,398.349644
2026-06-15T22:42:53.559232,388.393293
2026-06-15T22:42:53.560661,375.697759
2026-06-15T22:42:53.562090,359.448213
2026-06-15T22:42:53.563518,350.355058
2026-06-15T22:42:53.564947,344.842448
2026-06-15T22:42:53.566375,344.427816
2026-06-15T22:42:53.567804,347.673996
2026-06-15T22:42:53.569232,362.280204
2026-06-15T22:42:53.570661,374.741823
2026-06-15T22:42:53.572090,390.062049
2026-06-15T22:42:53.573518,397.011783
2026-06-15T22:42:53.574947,402.703699
2026-06-15T22:42:53.576375,405.080116
2026-06-15T22:42:53.577804,397.320191
2026-06-15T22:42:53.579232,386.673186
2026-06-15T22:42:53.580661,376.409626
2026-06-15T22:42:53.582090,363.460130
2026-06-15T22:42:53.583518,353.412410
2026-06-15T22:42:53.584947,343.357555
2026-06-15T22:42:53.586375,345.446106
2026-06-15T22:42:53.587804,350.228999
2026-06-15T22:42:53.589232,360.881406
2026-06-15T22:42:53.590661,370.869167
2026-06-15T22:42:53.592090,388.701547
2026-06-15T22:42:53.593518,397.472927
2026-06-15T22:42:53.594947,403.253929
2026-06-15T22:42:53.596375,403.412860
2026-06-15T22:42:53.597804,395.701348
2026-06-15T22:42:53.599232,387.440283
2026-06-15T22:42:53.600661,375.685151
2026-06-15T22:42:53.602090,364.151236
2026-06-15T22:42:53.603518,355.046069
2026-06-15T22:42:53.604947,345.974089
2026-06-15T22:42:53.606375,346.636400
2026-06-15T22:42:53.607804,353.400294
2026-06-15T22:42:53.609232,361.132252
2026-06-15T22:42:53.610661,374.237256
2026-06-15T22:42:53.612090,385.798507
2026-06-15T22:42:53.613518,396.497488
2026-06-15T22:42:53.614947,403.313932
2026-06-15T22:42:53.616375,400.559133
2026-06-15T22:42:53.617804,400.167670
2026-06-15T22:42:53.619232,386.243244
2026-06-15T22:42:53.620661,373.817242
2026-06-15T22:42:53.622090,363.694168
2026-06-15T22:42:53.623518,348.215005
2026-06-15T22:42:53.624947,345.099148
2026-06-15T22:42:53.626375,344.474890
2026-06-15T22:42:53.627804,349.509275
2026-06-15T22:42:53.629232,359.298575
2026-06-15T22:42:53.630661,376.884446
2026-06-15T22:42:53.632090,387.741705
2026-06-15T22:42:53.633518,397.759130
2026-06-15T22:42:53.634947,403.768108
2026-06-15T22:42:53.636375,403.740231
2026-06-15T22:42:53.637804,398.693830
2026-06-15T22:42:53.639232,388.750312
2026-06-15T22:42:53.640661,376.632339
2026-06-15T22:42:53.642090,362.269479
2026-06-15T22:42:53.643518,352.436184
2026-06-15T22:42:53.644947,346.160252
2026-06-15T22:42:53.646375,349.781348
2026-06-15T22:42:53.647804,352.719982
2026-06-15T22:42:53.649232,362.337044
2026-06-15T22:42:53.650661,375.208904
2026-06-15T22:42:53.652090,389.054568
2026-06-15T22:42:53.653518,400.801209
2026-06-15T22:42:53.654947,402.690076
2026-06-15T22:42:53.656375,405.365278
2026-06-15T22:42:53.657804,397.693135
2026-06-15T22:42:53.659232,387.770410
2026-06-15T22:42:53.660661,374.020340
2026-06-15T22:42:53.662090,360.265819
2026-06-15T22:42:53.663518,353.904090
2026-06-15T22:42:53.664947,346.963858
2026-06-15T22:42:53.666375,346.554916
2026-06-15T22:42:53.667804,350.651838
2026-06-15T22:42:53.669232,361.308647
2026-06-15T22:42:53.670661,371.233402
2026-06-15T22:42:53.672090,386.923675
2026-06-15T22:42:53.673518,399.417312
2026-06-15T22:42:53.674947,403.294124
2026-06-15T22:42:53.676375,404.124842
2026-06-15T22:42:53.677804,399.348768
2026-06-15T22:42:53.679232,387.634810
2026-06-15T22:42:53.680661,377.340110
2026-06-15T22:42:53.682090,364.575340
2026-06-15T22:42:53.683518,353.406188
2026-06-15T22:42:53.684947,343.358831
2026-06-15T22:42:53.686375,347.045129
2026-06-15T22:42:53.687804,350.167797
2026-06-15T22:42:53.689232,361.527565
2026-06-15T22:42:53.690661,374.614573
2026-06-15T22:42:53.692090,382.004199
2026-06-15T22:42:53.693518,400.464968
2026-06-15T22:42:53.694947,405.437286
2026-06-15T22:42:53.696375,406.267063
2026-06-15T22:42:53.697804,399.338036
2026-06-15T22:42:53.699232,387.647791
2026-06-15T22:42:53.700661,371.850687
2026-06-15T22:42:53.702090,360.486866
2026-06-15T22:42:53.703518,353.218460
2026-06-15T22:42:53.704947,345.836844
2026-06-15T22:42:53.706375,344.115099
2026-06-15T22:42:53.707804,349.502503
2026-06-15T22:42:53.709232,361.940055
2026-06-15T22:42:53.710661,373.547589
2026-06-15T22:42:53.712090,386.253660
2026-06-15T22:42:53.713518,399.455884
2026-06-15T22:42:53.714947,402.337496
2026-06-15T22:42:53.716375,407.050899
2026-06-15T22:42:53.717804,398.079822
2026-06-15T22:42:53.719232,389.359548
2026-06-15T22:42:53.720661,377.184167
2026-06-15T22:42:53.722090,363.966017
2026-06-15T22:42:53.723518,352.279771
2026-06-15T22:42:53.724947,348.076765
2026-06-15T22:42:53.726375,346.580084
2026-06-15T22:42:53.727804,349.612307
2026-06-15T22:42:53.729232,361.286484
2026-06-15T22:42:53.730661,375.158007
2026-06-15T22:42:53.732090,387.215172
2026-06-15T22:42:53.733518,398.448209
2026-06-15T22:42:53.734947,402.284069
2026-06-15T22:42:53.736375,406.500128
2026-06-15T22:42:53.737804,398.379476
2026-06-15T22:42:53.739232,385.960862
2026-06-15T22:42:53.740661,372.852998
2026-06-15T22:42:53.742090,360.073359
2026-06-15T22:42:53.743518,350.463928
2026-06-15T22:42:53.744947,346.397679
2026-06-15T22:42:53.746375,344.949808
2026-06-15T22:42:53.747804,351.664448
2026-06-15T22:42:53.749232,363.844790
2026-06-15T22:42:53.750661,376.830608
2026-06-15T22:42:53.752090,388.430092
2026-06-15T22:42:53.753518,399.902387
2026-06-15T22:42:53.754947,404.158399
2026-06-15T22:42:53.756375,402.844786
2026-06-15T22:42:53.757804,400.919018
2026-06-15T22:42:53.759232,385.349491
2026-06-15T22:42:53.760661,374.067118
2026-06-15T22:42:53.762090,359.849291
2026-06-15T22:42:53.763518,351.537881
2026-06-15T22:42:53.764947,344.601937
2026-06-15T22:42:53.766375,345.021136
2026-06-15T22:42:53.767804,352.183987
2026-06-15T22:42:53.769232,362.373146
2026-06-15T22:42:53.770661,374.736535
2026-06-15T22:42:53.772090,386.009176
2026-06-15T22:42:53.773518,398.588461
2026-06-15T22:42:53.774947,402.432743
2026-06-15T22:42:53.776375,404.008137
2026-06-15T22:42:53.777804,396.784084
2026-06-15T22:42:53.779232,390.986173
2026-06-15T22:42:53.780661,373.689568
2026-06-15T22:42:53.782090,359.306333
2026-06-15T22:42:53.783518,350.424801
2026-06-15T22:42:53.784947,343.879913
2026-06-15T22:42:53.786375,345.031732
2026-06-15T22:42:53.787804,353.656382
2026-06-15T22:42:53.789232,359.235491
2026-06-15T22:42:53.790661,375.676360
2026-06-15T22:42:53.792090,388.458097
2026-06-15T22:42:53.793518,397.817729
2026-06-15T22:42:53.794947,403.991588
2026-06-15T22:42:53.796375,403.297336
2026-06-15T22:42:53.797804,398.299857
2026-06-15T22:42:53.799232,387.394967
2026-06-15T22:42:53.800661,374.572171
2026-06-15T22:42:53.802090,363.859187
2026-06-15T22:42:53.803518,348.516541
2026-06-15T22:42:53.804947,344.390096
2026-06-15T22:42:53.806375,345.663608
2026-06-15T22:42:53.807804,350.177343
2026-06-15T22:42:53.809232,360.691649
2026-06-15T22:42:53.810661,375.146492
2026-06-15T22:42:53.812090,388.832240
2026-06-15T22:42:53.813518,399.353280
2026-06-15T22:42:53.814947,404.947535
2026-06-15T22:42:53.816375,400.712245
2026-06-15T22:42:53.817804,398.601512
2026-06-15T22:42:53.819232,391.178386
2026-06-15T22:42:53.820661,374.765038
2026-06-15T22:42:53.822090,363.356155
2026-06-15T22:42:53.823518,350.308383
2026-06-15T22:42:53.824947,343.502553
2026-06-15T22:42:53.826375,346.580824
2026-06-15T22:42:53.827804,351.795146
2026-06-15T22:42:53.829232,361.695956
2026-06-15T22:42:53.830661,377.721433
2026-06-15T22:42:53.832090,390.791952
2026-06-15T22:42:53.833518,397.493329
2026-06-15T22:42:53.834947,407.699801
2026-06-15T22:42:53.836375,404.142948
2026-06-15T22:42:53.837804,396.698630
2026-06-15T22:42:53.839232,386.729067
2026-06-15T22:42:53.840661,375.200550
2026-06-15T22:42:53.842090,364.154819
2026-06-15T22:42:53.843518,352.559773
2026-06-15T22:42:53.844947,345.773973
2026-06-15T22:42:53.846375,347.336007
2026-06-15T22:42:53.847804,352.319379
2026-06-15T22:42:53.849232,361.801935
2026-06-15T22:42:53.850661,376.087206
2026-06-15T22:42:53.852090,389.576771
2026-06-15T22:42:53.853518,399.217356
2026-06-15T22:42:53.854947,401.625136
2026-06-15T22:42:53.856375,402.976166
2026-06-15T22:42:53.857804,399.293188
2026-06-15T22:42:53.859232,385.757292
2026-06-15T22:42:53.860661,375.406542
2026-06-15T22:42:53.862090,361.400736
2026-06-15T22:42:53.863518,353.532539
2026-06-15T22:42:53.864947,344.147024
2026-06-15T22:42:53.866375,347.258704
2026-06-15T22:42:53.867804,350.387441
2026-06-15T22:42:53.869232,359.842693
2026-06-15T22:42:53.870661,374.448129
2026-06-15T22:42:53.872090,387.562691
2026-06-15T22:42:53.873518,397.599953
2026-06-15T22:42:53.874947,405.372672
2026-06-15T22:42:53.876375,405.369791
2026-06-15T22:42:53.877804,398.539299
2026-06-15T22:42:53.879232,388.007656
2026-06-15T22:42:53.880661,375.608620
2026-06-15T22:42:53.882090,360.781327
2026-06-15T22:42:53.883518,350.575086
2026-06-15T22:42:53.884947,346.935844
2026-06-15T22:42:53.886375,346.726970
2026-06-15T22:42:53.887804,353.253742
2026-06-15T22:42:53.889232,361.721434
2026-06-15T22:42:53.890661,377.419377
2026-06-15T22:42:53.892090,388.126489
2026-06-15T22:42:53.893518,398.751368
2026-06-15T22:42:53.894947,405.729693
2026-06-15T22:42:53.896375,404.157163
2026-06-15T22:42:53.897804,397.012310
2026-06-15T22:42:53.899232,388.982460
2026-06-15T22:42:53.900661,374.234536
2026-06-15T22:42:53.902090,361.118303
2026-06-15T22:42:53.903518,349.434804
2026-06-15T22:42:53.904947,344.641018
2026-06-15T22:42:53.906375,343.141493
2026-06-15T22:42:53.907804,349.922684
2026-06-15T22:42:53.909232,359.353566
2026-06-15T22:42:53.910661,375.627351
2026-06-15T22:42:53.912090,390.297312
2026-06-15T22:42:53.913518,394.253957
2026-06-15T22:42:53.914947,402.995937
2026-06-15T22:42:53.916375,401.877900
2026-06-15T22:42:53.917804,395.881021
2026-06-15T22:42:53.919232,388.289717
2026-06-15T22:42:53.920661,376.807206
2026-06-15T22:42:53.922090,363.639924
2026-06-15T22:42:53.923518,353.724320
2026-06-15T22:42:53.924947,347.554949
2026-06-15T22:42:53.926375,345.189225
2026-06-15T22:42:53.927804,352.707317
2026-06-15T22:42:53.929232,362.078288
2026-06-15T22:42:53.930661,371.430539
2026-06-15T22:42:53.932090,386.847322
2026-06-15T22:42:53.933518,397.689117
2026-06-15T22:42:53.934947,403.422263
2026-06-15T22:42:53.936375,407.520241
2026-06-15T22:42:53.937804,395.361809
2026-06-15T22:42:53.939232,387.507603
2026-06-15T22:42:53.940661,373.757177
2026-06-15T22:42:53.942090,362.002158
2026-06-15T22:42:53.943518,351.733565
2026-06-15T22:42:53.944947,345.703313
2026-06-15T22:42:53.946375,345.590459
2026-06-15T22:42:53.947804,350.944633
2026-06-15T22:42:53.949232,359.806028
2026-06-15T22:42:53.950661,373.380174
2026-06-15T22:42:53.952090,388.638184
2026-06-15T22:42:53.953518,400.095991
2026-06-15T22:42:53.954947,406.824870
2026-06-15T22:42:53.956375,403.955413
2026-06-15T22:42:53.957804,399.876469
2026-06-15T22:42:53.959232,387.082043
2026-06-15T22:42:53.960661,374.893645
2026-06-15T22:42:53.962090,360.549688
2026-06-15T22:42:53.963518,351.450905
2026-06-15T22:42:53.964947,345.384776
2026-06-15T22:42:53.966375,344.174583
2026-06-15T22:42:53.967804,352.967174
2026-06-15T22:42:53.969232,362.191344
2026-06-15T22:42:53.970661,375.591246
2026-06-15T22:42:53.972090,385.629618
2026-06-15T22:42:53.973518,400.804902
2026-06-15T22:42:53.974947,404.570304
2026-06-15T22:42:53.976375,401.868686
2026-06-15T22:42:53.977804,396.822569
2026-06-15T22:42:53.979232,386.926560
2026-06-15T22:42:53.980661,375.920009
2026-06-15T22:42:53.982090,359.525003
2026-06-15T22:42:53.983518,351.257626
2026-06-15T22:42:53.984947,344.877899
2026-06-15T22:42:53.986375,342.248345
2026-06-15T22:42:53.987804,350.717741
2026-06-15T22:42:53.989232,365.122238
2026-06-15T22:42:53.990661,375.470221
2026-06-15T22:42:53.992090,386.758411
2026-06-15T22:42:53.993518,396.147200
2026-06-15T22:42:53.994947,405.015428
2026-06-15T22:42:53.996375,404.703147
2026-06-15T22:42:53.997804,397.716256
2026-06-15T22:42:53.999232,386.978001
2026-06-15T22:42:54.000661,378.637114
2026-06-15T22:42:54.002090,361.694883
2026-06-15T22:42:54.003518,353.948655
2026-06-15T22:42:54.004947,348.874847
2026-06-15T22:42:54.006375,345.110431
2026-06-15T22:42:54.007804,349.501941
2026-06-15T22:42:54.009232,362.831290
2026-06-15T22:42:54.010661,372.186398
2026-06-15T22:42:54.012090,387.814756
2026-06-15T22:42:54.013518,396.422257
2026-06-15T22:42:54.014947,403.024333
2026-06-15T22:42:54.016375,405.897959
2026-06-15T22:42:54.017804,397.655016
2026-06-15T22:42:54.019232,388.494534
2026-06-15T22:42:54.020661,377.829484
2026-06-15T22:42:54.022090,362.019042
2026-06-15T22:42:54.023518,351.391825
2026-06-15T22:42:54.024947,345.186612
2026-06-15T22:42:54.026375,346.079397
2026-06-15T22:42:54.027804,351.457082
2026-06-15T22:42:54.029232,362.812241
2026-06-15T22:42:54.030661,377.693465
2026-06-15T22:42:54.032090,389.993887
2026-06-15T22:42:54.033518,398.601668
2026-06-15T22:42:54.034947,401.740456
2026-06-15T22:42:54.036375,400.893066
2026-06-15T22:42:54.037804,398.108868
2026-06-15T22:42:54.039232,386.664753
2026-06-15T22:42:54.040661,374.543514
2026-06-15T22:42:54.042090,362.374195
2026-06-15T22:42:54.043518,351.622612
2026-06-15T22:42:54.044947,344.287948
2026-06-15T22:42:54.046375,343.129862
2026-06-15T22:42:54.047804,351.366541
2026-06-15T22:42:54.049232,360.650849
2026-06-15T22:42:54.050661,375.942438
2026-06-15T22:42:54.052090,390.277295
2026-06-15T22:42:54.053519,397.723005
2026-06-15T22:42:54.054948,404.429981
2026-06-15T22:42:54.056377,405.802877
2026-06-15T22:42:54.057806,398.613084
2026-06-15T22:42:54.059235,386.401354
2026-06-15T22:42:54.060664,375.823825
2026-06-15T22:42:54.062093,361.303834
2026-06-15T22:42:54.063522,350.574504
2026-06-15T22:42:54.064951,346.729081
2026-06-15T22:42:54.066380,344.197563
2026-06-15T22:42:54.067809,353.920191
2026-06-15T22:42:54.069238,364.236369
2026-06-15T22:42:54.070667,374.821406
2026-06-15T22:42:54.072096,387.709461
2026-06-15T22:42:54.073525,400.961508
2026-06-15T22:42:54.074954,401.474907
2026-06-15T22:42:54.076383,407.377365
2026-06-15T22:42:54.077812,399.467134
2026-06-15T22:42:54.079241,385.173875
2026-06-15T22:42:54.080670,376.385535
2026-06-15T22:42:54.082099,365.297381
2026-06-15T22:42:54.083528,353.992287
2026-06-15T22:42:54.084957,347.017876
2026-06-15T22:42:54.086386,343.137545
2026-06-15T22:42:54.087815,350.259766
2026-06-15T22:42:54.089244,362.452177
2026-06-15T22:42:54.090673,374.014961
2026-06-15T22:42:54.092102,388.269645
2026-06-15T22:42:54.093531,399.725306
2026-06-15T22:42:54.094960,401.581498
2026-06-15T22:42:54.096389,404.231907
2026-06-15T22:42:54.097818,399.176939
2026-06-15T22:42:54.099247,386.632501
2026-06-15T22:42:54.100676,372.027299
2026-06-15T22:42:54.102105,363.021920
2026-06-15T22:42:54.103534,349.775038
2026-06-15T22:42:54.104963,350.425010
2026-06-15T22:42:54.106392,343.819853
2026-06-15T22:42:54.107821,353.621175
2026-06-15T22:42:54.109250,361.689222
2026-06-15T22:42:54.110679,373.970056
2026-06-15T22:42:54.112108,387.476579
2026-06-15T22:42:54.113537,398.735103
2026-06-15T22:42:54.114966,405.236111
2026-06-15T22:42:54.116395,403.778720
2026-06-15T22:42:54.117824,399.964025
2026-06-15T22:42:54.119253,385.742409
2026-06-15T22:42:54.120682,374.078247
2026-06-15T22:42:54.122111,362.832137
2026-06-15T22:42:54.123540,351.038351
2026-06-15T22:42:54.124969,345.402720
2026-06-15T22:42:54.126398,346.563639
2026-06-15T22:42:54.127827,350.089276
2026-06-15T22:42:54.129256,361.576046
2026-06-15T22:42:54.130685,375.866580
2026-06-15T22:42:54.132114,386.456990
2026-06-15T22:42:54.133543,397.193382
2026-06-15T22:42:54.134972,404.430649
2026-06-15T22:42:54.136401,405.503197
2026-06-15T22:42:54.137830,401.033562
2026-06-15T22:42:54.139259,389.239891
2026-06-15T22:42:54.140688,373.250834
2026-06-15T22:42:54.142117,361.561070
2026-06-15T22:42:54.143546,351.540609
2026-06-15T22:42:54.144975,348.393103
2026-06-15T22:42:54.146404,346.326650
2026-06-15T22:42:54.147833,349.547712
2026-06-15T22:42:54.149262,363.668592
2026-06-15T22:42:54.150691,375.754185
2026-06-15T22:42:54.152120,386.260504
2026-06-15T22:42:54.153549,398.990569
2026-06-15T22:42:54.154978,401.362534
2026-06-15T22:42:54.156407,401.847534
2026-06-15T22:42:54.157836,399.399470
2026-06-15T22:42:54.159265,387.264514
2026-06-15T22:42:54.160694,376.024081
2026-06-15T22:42:54.162123,363.307652
2026-06-15T22:42:54.163552,352.996438
2026-06-15T22:42:54.164981,344.140075
2026-06-15T22:42:54.166410,343.549311
2026-06-15T22:42:54.167839,350.378062
2026-06-15T22:42:54.169268,362.184450
2026-06-15T22:42:54.170697,372.942145
2026-06-15T22:42:54.172126,390.837909
2026-06-15T22:42:54.173555,397.554186
2026-06-15T22:42:54.174984,405.826068
2026-06-15T22:42:54.176413,403.463310
2026-06-15T22:42:54.177842,395.295332
2026-06-15T22:42:54.179271,385.533758
2026-06-15T22:42:54.180700,376.335082
2026-06-15T22:42:54.182129,361.653883
2026-06-15T22:42:54.183558,351.332390
2026-06-15T22:42:54.184987,347.618439
2026-06-15T22:42:54.186416,346.665902
2026-06-15T22:42:54.187845,352.241880
2026-06-15T22:42:54.189274,364.047013
2026-06-15T22:42:54.190703,373.214768
2026-06-15T22:42:54.192132,389.936279
2026-06-15T22:42:54.193561,397.334381
2026-06-15T22:42:54.194990,405.699267
2026-06-15T22:42:54.196419,405.402338
2026-06-15T22:42:54.197848,399.555924
2026-06-15T22:42:54.199277,389.842334
2026-06-15T22:42:54.200706,374.923781
2026-06-15T22:42:54.202135,360.949589
2026-06-15T22:42:54.203564,351.106914
2026-06-15T22:42:54.204993,344.265730
2026-06-15T22:42:54.206422,346.038237
2026-06-15T22:42:54.207851,351.259106
2026-06-15T22:42:54.209280,359.373794
2026-06-15T22:42:54.210709,375.803699
2026-06-15T22:42:54.212138,388.850949
2026-06-15T22:42:54.213567,400.871332
2026-06-15T22:42:54.214996,407.153084
2026-06-15T22:42:54.216425,402.465855
2026-06-15T22:42:54.217854,399.046682
2026-06-15T22:42:54.219283,386.404256
2026-06-15T22:42:54.220712,372.169360
2026-06-15T22:42:54.222141,360.973858
2026-06-15T22:42:54.223570,354.737125
2026-06-15T22:42:54.224999,347.079516
2026-06-15T22:42:54.226428,346.034914
2026-06-15T22:42:54.227857,350.028423
2026-06-15T22:42:54.229286,359.643654
2026-06-15T22:42:54.230715,374.922318
2026-06-15T22:42:54.232144,387.723687
2026-06-15T22:42:54.233573,401.784804
2026-06-15T22:42:54.235002,403.089264
2026-06-15T22:42:54.236431,403.984800
2026-06-15T22:42:54.237860,398.859181
2026-06-15T22:42:54.239289,388.978981
2026-06-15T22:42:54.240718,375.537134
2026-06-15T22:42:54.242147,360.923622
2026-06-15T22:42:54.243576,350.089558
2026-06-15T22:42:54.245005,347.120420
2026-06-15T22:42:54.246434,345.047906
2026-06-15T22:42:54.247863,352.843319
2026-06-15T22:42:54.249292,362.116180
2026-06-15T22:42:54.250721,372.985749
2026-06-15T22:42:54.252150,390.705349
2026-06-15T22:42:54.253579,400.267588
2026-06-15T22:42:54.255008,400.740766
2026-06-15T22:42:54.256437,404.769336
2026-06-15T22:42:54.257866,399.381441
2026-06-15T22:42:54.259295,390.010417
2026-06-15T22:42:54.260724,375.793898
2026-06-15T22:42:54.262153,363.600685
2026-06-15T22:42:54.263582,353.487546
2026-06-15T22:42:54.265011,345.575207
2026-06-15T22:42:54.266440,342.795562
2026-06-15T22:42:54.267869,350.346539
2026-06-15T22:42:54.269298,359.207385
2026-06-15T22:42:54.270727,371.710612
2026-06-15T22:42:54.272156,386.946323
2026-06-15T22:42:54.273585,399.651929
2026-06-15T22:42:54.275014,404.021466
2026-06-15T22:42:54.276443,402.637649
2026-06-15T22:42:54.277872,396.992481
2026-06-15T22:42:54.279301,387.490768
2026-06-15T22:42:54.280730,373.634938
2026-06-15T22:42:54.282159,361.198705
2026-06-15T22:42:54.283588,352.209734
2026-06-15T22:42:54.285017,346.663493
2026-06-15T22:42:54.286446,346.352312
2026-06-15T22:42:54.287875,349.301296
2026-06-15T22:42:54.289304,362.472407
2026-06-15T22:42:54.290733,375.050997
2026-06-15T22:42:54.292162,385.868454
2026-06-15T22:42:54.293591,397.159184
2026-06-15T22:42:54.295020,405.594020
2026-06-15T22:42:54.296449,403.702458
2026-06-15T22:42:54.297878,398.095812
2026-06-15T22:42:54.299307,385.974481
2026-06-15T22:42:54.300736,374.269053
2026-06-15T22:42:54.302165,364.724616
2026-06-15T22:42:54.303594,350.220333
2026-06-15T22:42:54.305023,348.230369
2026-06-15T22:42:54.306452,343.893689
2026-06-15T22:42:54.307881,350.107563
2026-06-15T22:42:54.309310,361.158110
2026-06-15T22:42:54.310739,373.326638
2026-06-15T22:42:54.312168,389.573017
2026-06-15T22:42:54.313597,395.032216
2026-06-15T22:42:54.315026,405.544261
2026-06-15T22:42:54.316455,404.568237
2026-06-15T22:42:54.317884,396.729495
2026-06-15T22:42:54.319313,387.888559
2026-06-15T22:42:54.320742,375.318357
2026-06-15T22:42:54.322171,360.196781
2026-06-15T22:42:54.323600,346.105540
2026-06-15T22:42:54.325029,344.785158
2026-06-15T22:42:54.326458,347.212682
2026-06-15T22:42:54.327887,350.950058
2026-06-15T22:42:54.329316,361.720174
2026-06-15T22:42:54.330745,375.649235
2026-06-15T22:42:54.332174,387.275916
2026-06-15T22:42:54.333603,399.021961
2026-06-15T22:42:54.335032,405.511807
2026-06-15T22:42:54.336461,405.438836
2026-06-15T22:42:54.337890,397.710620
2026-06-15T22:42:54.339319,390.141825
2026-06-15T22:42:54.340748,373.345183
2026-06-15T22:42:54.342177,362.198086
2026-06-15T22:42:54.343606,352.899481
2026-06-15T22:42:54.345035,346.545836
2026-06-15T22:42:54.346464,346.686187
2026-06-15T22:42:54.347893,354.138056
2026-06-15T22:42:54.349322,361.053696
2026-06-15T22:42:54.350751,376.610159
2026-06-15T22:42:54.352180,391.565276
2026-06-15T22:42:54.353609,396.988274
2026-06-15T22:42:54.355038,407.025719
2026-06-15T22:42:54.356467,405.400672
2026-06-15T22:42:54.357896,396.027923
2026-06-15T22:42:54.359325,387.215527
2026-06-15T22:42:54.360754,374.019095
2026-06-15T22:42:54.362183,360.709570
2026-06-15T22:42:54.363612,351.249098
2026-06-15T22:42:54.365041,349.655517
2026-06-15T22:42:54.366470,346.623260
2026-06-15T22:42:54.367899,352.815637
2026-06-15T22:42:54.369328,362.250368
2026-06-15T22:42:54.370757,377.729000
2026-06-15T22:42:54.372186,387.130254
2026-06-15T22:42:54.373615,398.819492
2026-06-15T22:42:54.375044,405.420249
2026-06-15T22:42:54.376473,404.970196
2026-06-15T22:42:54.377902,397.163875
2026-06-15T22:42:54.379331,389.629907
2026-06-15T22:42:54.380760,377.463938
2026-06-15T22:42:54.382189,361.262920
2026-06-15T22:42:54.383618,353.127985
2026-06-15T22:42:54.385047,347.127131
2026-06-15T22:42:54.386476,346.796695
2026-06-15T22:42:54.387905,352.230698
2026-06-15T22:42:54.389334,362.827377
2026-06-15T22:42:54.390763,373.474087
2026-06-15T22:42:54.392192,387.526449
2026-06-15T22:42:54.393621,400.491566
2026-06-15T22:42:54.395050,403.323572
2026-06-15T22:42:54.396479,403.693465
2026-06-15T22:42:54.397908,400.885290
2026-06-15T22:42:54.399337,388.047956
2026-06-15T22:42:54.400766,375.773133
2026-06-15T22:42:54.402195,362.275741
2026-06-15T22:42:54.403624,354.594032
2026-06-15T22:42:54.405053,342.381909
2026-06-15T22:42:54.406482,341.940623
2026-06-15T22:42:54.407911,352.941155
2026-06-15T22:42:54.409340,362.445023
2026-06-15T22:42:54.410769,375.955706
2026-06-15T22:42:54.412198,389.167770
2026-06-15T22:42:54.413627,397.579887
2026-06-15T22:42:54.415056,403.534843
2026-06-15T22:42:54.416485,403.530511
2026-06-15T22:42:54.417914,396.505210
2026-06-15T22:42:54.419343,386.677371
2026-06-15T22:42:54.420772,375.153920
2026-06-15T22:42:54.422201,362.024073
2026-06-15T22:42:54.423630,353.603915
2026-06-15T22:42:54.425059,346.643693
2026-06-15T22:42:54.426488,349.877861
2026-06-15T22:42:54.427917,351.775689
2026-06-15T22:42:54.429346,361.284525
2026-06-15T22:42:54.430775,375.597679
2026-06-15T22:42:54.432204,389.977117
2026-06-15T22:42:54.433633,399.999647
2026-06-15T22:42:54.435062,404.212751
2026-06-15T22:42:54.436491,404.672054
2026-06-15T22:42:54.437920,401.386533
2026-06-15T22:42:54.439349,387.048639
2026-06-15T22:42:54.440778,374.947561
2026-06-15T22:42:54.442207,360.577779
2026-06-15T22:42:54.443636,349.928608
2026-06-15T22:42:54.445065,344.682311
2026-06-15T22:42:54.446494,345.827736
2026-06-15T22:42:54.447923,353.059282
2026-06-15T22:42:54.449352,364.675793
2026-06-15T22:42:54.450781,378.577132
2026-06-15T22:42:54.452210,388.017156
2026-06-15T22:42:54.453639,399.087479
2026-06-15T22:42:54.455068,400.545886
2026-06-15T22:42:54.456497,401.616715
2026-06-15T22:42:54.457926,398.686620
2026-06-15T22:42:54.459355,390.752406
2026-06-15T22:42:54.460784,376.347979
2026-06-15T22:42:54.462213,362.550811
2026-06-15T22:42:54.463642,351.428610
2026-06-15T22:42:54.465071,348.266265
2026-06-15T22:42:54.466500,345.982846
2026-06-15T22:42:54.467929,349.463868
2026-06-15T22:42:54.469358,361.044155
2026-06-15T22:42:54.470787,373.577152
2026-06-15T22:42:54.472216,386.288885
2026-06-15T22:42:54.473645,398.046289
2026-06-15T22:42:54.475074,405.485385
2026-06-15T22:42:54.476503,403.859154
2026-06-15T22:42:54.477932,397.504052
2026-06-15T22:42:54.479361,388.420557
2026-06-15T22:42:54.480790,373.250097
2026-06-15T22:42:54.482219,362.658306
2026-06-15T22:42:54.483648,351.055747
2026-06-15T22:42:54.485077,343.896105
2026-06-15T22:42:54.486506,344.883732
2026-06-15T22:42:54.487935,351.919313
2026-06-15T22:42:54.489364,363.898663
2026-06-15T22:42:54.490793,377.188829
2026-06-15T22:42:54.492222,388.413998
2026-06-15T22:42:54.493651,396.691423
2026-06-15T22:42:54.495080,405.292826
2026-06-15T22:42:54.496509,403.211320
2026-06-15T22:42:54.497938,399.369247
2026-06-15T22:42:54.499367,385.846242
2026-06-15T22:42:54.500796,374.396272
2026-06-15T22:42:54.502225,361.763248
2026-06-15T22:42:54.503654,354.461962
2026-06-15T22:42:54.505083,347.756758
2026-06-15T22:42:54.506512,346.090070
2026-06-15T22:42:54.507941,354.362582
2026-06-15T22:42:54.509370,362.295494
2026-06-15T22:42:54.510799,372.723022
2026-06-15T22:42:54.512228,386.102439
2026-06-15T22:42:54.513657,396.628020
2026-06-15T22:42:54.515086,403.598492
2026-06-15T22:42:54.516515,405.210067
2026-06-15T22:42:54.517944,398.768827
2026-06-15T22:42:54.519373,387.532730
2026-06-15T22:42:54.520802,373.997002
2026-06-15T22:42:54.522231,359.405128
2026-06-15T22:42:54.523660,350.772689
2026-06-15T22:42:54.525089,346.768397
2026-06-15T22:42:54.526518,345.714415
2026-06-15T22:42:54.527947,349.266368
2026-06-15T22:42:54.529376,361.397296
2026-06-15T22:42:54.530805,371.294736
2026-06-15T22:42:54.532234,387.393747
2026-06-15T22:42:54.533663,400.895517
2026-06-15T22:42:54.535092,405.114432
2026-06-15T22:42:54.536521,401.570488
2026-06-15T22:42:54.537950,394.659191
2026-06-15T22:42:54.539379,389.337800
2026-06-15T22:42:54.540808,375.594329
2026-06-15T22:42:54.542237,363.394556
2026-06-15T22:42:54.543666,350.525735
2026-06-15T22:42:54.545095,346.067320
2026-06-15T22:42:54.546524,344.357662
2026-06-15T22:42:54.547953,351.890791
2026-06-15T22:42:54.549382,363.697743
2026-06-15T22:42:54.550811,373.940403
2026-06-15T22:42:54.552240,389.514882
2026-06-15T22:42:54.553669,397.293492
2026-06-15T22:42:54.555098,403.813846
2026-06-15T22:42:54.556527,402.412023
2026-06-15T22:42:54.557956,399.087487
2026-06-15T22:42:54.559385,388.706883
2026-06-15T22:42:54.560814,375.516693
2026-06-15T22:42:54.562243,359.759616
2026-06-15T22:42:54.563672,350.927017
2026-06-15T22:42:54.565101,345.594208
2026-06-15T22:42:54.566530,345.810211
2026-06-15T22:42:54.567959,348.176391
2026-06-15T22:42:54.569388,362.050837
2026-06-15T22:42:54.570817,374.404151
2026-06-15T22:42:54.572246,390.357069
2026-06-15T22:42:54.573675,397.788740
2026-06-15T22:42:54.575104,403.484308
2026-06-15T22:42:54.576533,404.205844
2026-06-15T22:42:54.577962,396.889793
2026-06-15T22:42:54.579391,387.346752
2026-06-15T22:42:54.580820,376.629254
2026-06-15T22:42:54.582249,364.451614
2026-06-15T22:42:54.583678,353.538470
2026-06-15T22:42:54.585107,343.339312
2026-06-15T22:42:54.586536,345.253148
2026-06-15T22:42:54.587965,349.419215
2026-06-15T22:42:54.589394,362.008698
2026-06-15T22:42:54.590823,370.210926
2026-06-15T22:42:54.592252,388.354866
2026-06-15T22:42:54.593681,397.674339
2026-06-15T22:42:54.595110,403.790649
2026-06-15T22:42:54.596539,403.294103
2026-06-15T22:42:54.597968,395.692697
2026-06-15T22:42:54.599397,387.638079
2026-06-15T22:42:54.600826,375.095482
2026-06-15T22:42:54.602255,364.600986
2026-06-15T22:42:54.603684,355.634358
2026-06-15T22:42:54.605113,344.500342
2026-06-15T22:42:54.606542,346.856291
2026-06-15T22:42:54.607971,352.736912
2026-06-15T22:42:54.609400,361.047600
2026-06-15T22:42:54.610829,373.123008
2026-06-15T22:42:54.612258,385.749959
2026-06-15T22:42:54.613687,396.863805
2026-06-15T22:42:54.615116,403.540445
2026-06-15T22:42:54.616545,402.079748
2026-06-15T22:42:54.617974,400.056079
2026-06-15T22:42:54.619403,385.150476
2026-06-15T22:42:54.620832,373.953251
2026-06-15T22:42:54.622261,362.754200
2026-06-15T22:42:54.623690,347.833812
2026-06-15T22:42:54.625119,344.009290
2026-06-15T22:42:54.626548,343.575127
2026-06-15T22:42:54.627977,349.924916
2026-06-15T22:42:54.629406,358.956615
2026-06-15T22:42:54.630835,376.389701
2026-06-15T22:42:54.632264,387.544759
2026-06-15T22:42:54.633693,396.501708
2026-06-15T22:42:54.635122,404.450804
2026-06-15T22:42:54.636551,402.482770
2026-06-15T22:42:54.637980,399.301055
2026-06-15T22:42:54.639409,389.217881
2026-06-15T22:42:54.640838,376.878811
2026-06-15T22:42:54.642267,361.922047
2026-06-15T22:42:54.643696,353.811486
2026-06-15T22:42:54.645125,345.629567
2026-06-15T22:42:54.646554,350.015282
2026-06-15T22:42:54.647983,353.017139
2026-06-15T22:42:54.649412,362.544062
2026-06-15T22:42:54.650841,373.864230
2026-06-15T22:42:54.652270,388.553591
2026-06-15T22:42:54.653699,402.582112
2026-06-15T22:42:54.655128,402.642599
2026-06-15T22:42:54.656557,407.006634
2026-06-15T22:42:54.657986,397.247180
2026-06-15T22:42:54.659415,387.922730
2026-06-15T22:42:54.660844,372.766525
2026-06-15T22:42:54.662273,360.276071
2026-06-15T22:42:54.663702,353.522735
2026-06-15T22:42:54.665131,346.458921
2026-06-15T22:42:54.666560,347.184743
2026-06-15T22:42:54.667989,351.446663
2026-06-15T22:42:54.669418,360.796979
2026-06-15T22:42:54.670847,371.185204
2026-06-15T22:42:54.672276,386.633869
2026-06-15T22:42:54.673705,398.745868
2026-06-15T22:42:54.675134,403.394297
2026-06-15T22:42:54.676563,403.095839
2026-06-15T22:42:54.677992,399.284134
2026-06-15T22:42:54.679421,387.079710
2026-06-15T22:42:54.680850,378.765861
2026-06-15T22:42:54.682279,363.694806
2026-06-15T22:42:54.683708,353.463115
2026-06-15T22:42:54.685137,344.114743
2026-06-15T22:42:54.686566,348.172275
2026-06-15T22:42:54.687995,349.578388
2026-06-15T22:42:54.689424,361.172183
2026-06-15T22:42:54.690853,373.776984
2026-06-15T22:42:54.692282,381.334831
2026-06-15T22:42:54.693711,400.823124
2026-06-15T22:42:54.695140,405.477267
2026-06-15T22:42:54.696569,406.380011
2026-06-15T22:42:54.697998,397.801968
2026-06-15T22:42:54.699427,387.965097
2026-06-15T22:42:54.700856,371.382463
2026-06-15T22:42:54.702285,360.639443
2026-06-15T22:42:54.703714,353.770428
2026-06-15T22:42:54.705143,345.926279
2026-06-15T22:42:54.706572,344.123928
2026-06-15T22:42:54.708001,349.246736
2026-06-15T22:42:54.709430,361.609353
2026-06-15T22:42:54.710859,373.921176
2026-06-15T22:42:54.712288,384.969282
2026-06-15T22:42:54.713717,400.425540
2026-06-15T22:42:54.715146,401.611252
2026-06-15T22:42:54.716575,406.569136
2026-06-15T22:42:54.718004,399.532783
2026-06-15T22:42:54.719433,387.504613
2026-06-15T22:42:54.720862,376.862232
2026-06-15T22:42:54.722291,363.082473
2026-06-15T22:42:54.723720,352.587836
2026-06-15T22:42:54.725149,348.215139
2026-06-15T22:42:54.726578,346.503315
2026-06-15T22:42:54.728007,349.007822
2026-06-15T22:42:54.729436,360.869507
2026-06-15T22:42:54.730865,374.119971
2026-06-15T22:42:54.732294,387.272570
2026-06-15T22:42:54.733723,397.709330
2026-06-15T22:42:54.735152,403.682388
2026-06-15T22:42:54.736581,406.730190
2026-06-15T22:42:54.738010,396.755353
2026-06-15T22:42:54.739439,386.523811
2026-06-15T22:42:54.740868,372.239019
2026-06-15T22:42:54.742297,358.798509
2026-06-15T22:42:54.743726,350.914369
2026-06-15T22:42:54.745155,346.631435
2026-06-15T22:42:54.746584,346.066955
2026-06-15T22:42:54.748013,351.581085
2026-06-15T22:42:54.749442,364.133685
2026-06-15T22:42:54.750871,377.592938
2026-06-15T22:42:54.752300,389.391842
2026-06-15T22:42:54.753729,399.542498
2026-06-15T22:42:54.755158,405.557586
2026-06-15T22:42:54.756587,402.122400
2026-06-15T22:42:54.758016,400.760492
2026-06-15T22:42:54.759445,384.734731
2026-06-15T22:42:54.760874,373.793560
2026-06-15T22:42:54.762303,359.535233
2026-06-15T22:42:54.763732,351.820383
2026-06-15T22:42:54.765161,343.408481
2026-06-15T22:42:54.766590,344.742939
2026-06-15T22:42:54.768019,352.110192
2026-06-15T22:42:54.769448,362.843828
2026-06-15T22:42:54.770877,375.909117
2026-06-15T22:42:54.772306,386.704339
2026-06-15T22:42:54.773735,399.453537
2026-06-15T22:42:54.775164,402.681720
2026-06-15T22:42:54.776593,402.732226
2026-06-15T22:42:54.778022,396.825195
2026-06-15T22:42:54.779451,390.516246
2026-06-15T22:42:54.780880,374.716530
2026-06-15T22:42:54.782309,359.360223
2026-06-15T22:42:54.783738,350.258913
2026-06-15T22:42:54.785167,344.115989
2026-06-15T22:42:54.786596,345.702857
2026-06-15T22:42:54.788025,354.426089
2026-06-15T22:42:54.789454,358.699385
2026-06-15T22:42:54.790883,376.089465
2026-06-15T22:42:54.792312,388.200392
2026-06-15T22:42:54.793741,397.790088
2026-06-15T22:42:54.795170,403.149895
2026-06-15T22:42:54.796599,404.548060
2026-06-15T22:42:54.798028,398.851410
2026-06-15T22:42:54.799457,388.544258
2026-06-15T22:42:54.800886,374.359760
2026-06-15T22:42:54.802315,364.277245
2026-06-15T22:42:54.803744,347.363116
2026-06-15T22:42:54.805173,344.631030
2026-06-15T22:42:54.806602,345.715718
2026-06-15T22:42:54.808031,351.228741
2026-06-15T22:42:54.809460,360.263962
2026-06-15T22:42:54.810889,374.496357
2026-06-15T22:42:54.812318,390.391824
2026-06-15T22:42:54.813747,398.752367
2026-06-15T22:42:54.815176,404.527694
2026-06-15T22:42:54.816605,400.162675
2026-06-15T22:42:54.818034,399.238555
2026-06-15T22:42:54.819463,390.636503
2026-06-15T22:42:54.820892,375.316124
2026-06-15T22:42:54.822321,363.306333
2026-06-15T22:42:54.823750,350.207951
2026-06-15T22:42:54.825179,343.487405
2026-06-15T22:42:54.826608,347.025729
2026-06-15T22:42:54.828037,352.149488
2026-06-15T22:42:54.829466,361.498301
2026-06-15T22:42:54.830895,377.126425
2026-06-15T22:42:54.832324,391.191001
2026-06-15T22:42:54.833753,397.459679
2026-06-15T22:42:54.835182,406.438735
2026-06-15T22:42:54.836611,403.772004
2026-06-15T22:42:54.838040,396.460255
2026-06-15T22:42:54.839469,387.499873
2026-06-15T22:42:54.840898,376.203659
2026-06-15T22:42:54.842327,363.357578
2026-06-15T22:42:54.843756,352.385421
2026-06-15T22:42:54.845185,346.319538
2026-06-15T22:42:54.846614,346.936448
2026-06-15T22:42:54.848043,352.498329
2026-06-15T22:42:54.849472,361.326253
2026-06-15T22:42:54.850901,376.068972
2026-06-15T22:42:54.852330,390.111470
2026-06-15T22:42:54.853759,400.136082
2026-06-15T22:42:54.855188,401.940281
2026-06-15T22:42:54.856617,404.124183
2026-06-15T22:42:54.858046,398.051143
2026-06-15T22:42:54.859475,385.194019
2026-06-15T22:42:54.860904,374.859960
2026-06-15T22:42:54.862333,360.149846
2026-06-15T22:42:54.863762,352.984164
2026-06-15T22:42:54.865191,345.095406
2026-06-15T22:42:54.866620,347.365462
2026-06-15T22:42:54.868049,350.193784
2026-06-15T22:42:54.869478,361.711066
2026-06-15T22:42:54.870907,373.947199
2026-06-15T22:42:54.872336,388.604864
2026-06-15T22:42:54.873765,398.229539
2026-06-15T22:42:54.875194,405.262117
2026-06-15T22:42:54.876623,405.136308
2026-06-15T22:42:54.878052,398.405602
2026-06-15T22:42:54.879481,388.528945
2026-06-15T22:42:54.880910,375.058004
2026-06-15T22:42:54.882339,360.141430
2026-06-15T22:42:54.883768,350.407353
2026-06-15T22:42:54.885197,346.752973
2026-06-15T22:42:54.886626,346.798514
2026-06-15T22:42:54.888055,351.336078
2026-06-15T22:42:54.889484,362.114517
2026-06-15T22:42:54.890913,377.137747
2026-06-15T22:42:54.892342,388.618976
2026-06-15T22:42:54.893771,397.460339
2026-06-15T22:42:54.895200,406.146384
2026-06-15T22:42:54.896629,403.248179
2026-06-15T22:42:54.898058,397.185126
2026-06-15T22:42:54.899487,388.833199
2026-06-15T22:42:54.900916,373.428863
2026-06-15T22:42:54.902345,360.738125
2026-06-15T22:42:54.903774,349.052168
2026-06-15T22:42:54.905203,343.843976
2026-06-15T22:42:54.906632,342.914665
2026-06-15T22:42:54.908061,349.656007
2026-06-15T22:42:54.909490,359.791052
2026-06-15T22:42:54.910919,376.102627
2026-06-15T22:42:54.912348,389.575127
2026-06-15T22:42:54.913777,392.404154
2026-06-15T22:42:54.915206,403.708097
2026-06-15T22:42:54.916635,402.869967
2026-06-15T22:42:54.918064,395.372963
2026-06-15T22:42:54.919493,387.322604
2026-06-15T22:42:54.920922,377.011362
2026-06-15T22:42:54.922351,364.434466
2026-06-15T22:42:54.923780,353.658336
2026-06-15T22:42:54.925209,347.141161
2026-06-15T22:42:54.926638,344.757712
2026-06-15T22:42:54.928067,352.647347
2026-06-15T22:42:54.929496,362.650000
2026-06-15T22:42:54.930925,371.465717
2026-06-15T22:42:54.932354,386.354491
2026-06-15T22:42:54.933783,397.166196
2026-06-15T22:42:54.935212,404.138355
2026-06-15T22:42:54.936641,406.471111
2026-06-15T22:42:54.938070,394.183597
2026-06-15T22:42:54.939499,386.211793
2026-06-15T22:42:54.940928,373.305046
2026-06-15T22:42:54.942357,362.304385
2026-06-15T22:42:54.943786,351.332920
2026-06-15T22:42:54.945215,345.857708
2026-06-15T22:42:54.946644,345.738657
2026-06-15T22:42:54.948073,351.099633
2026-06-15T22:42:54.949502,360.471894
2026-06-15T22:42:54.950931,373.629330
2026-06-15T22:42:54.952360,388.331514
2026-06-15T22:42:54.953789,400.580527
2026-06-15T22:42:54.955218,407.120840
2026-06-15T22:42:54.956647,404.631109
2026-06-15T22:42:54.958076,400.160774
2026-06-15T22:42:54.959505,387.095399
2026-06-15T22:42:54.960934,374.215207
2026-06-15T22:42:54.962363,360.479009
2026-06-15T22:42:54.963792,350.492385
2026-06-15T22:42:54.965221,345.651013
2026-06-15T22:42:54.966650,343.636693
2026-06-15T22:42:54.968079,353.089291
2026-06-15T22:42:54.969508,362.547706
2026-06-15T22:42:54.970937,375.898836
2026-06-15T22:42:54.972366,385.872856
2026-06-15T22:42:54.973795,401.279780
2026-06-15T22:42:54.975224,404.510434
2026-06-15T22:42:54.976653,401.710581
2026-06-15T22:42:54.978082,397.995698
2026-06-15T22:42:54.979511,386.049146
2026-06-15T22:42:54.980940,375.545284
2026-06-15T22:42:54.982369,360.768824
2026-06-15T22:42:54.983798,352.427492
2026-06-15T22:42:54.985227,346.607709
2026-06-15T22:42:54.986656,343.008981
2026-06-15T22:42:54.988085,350.840708
2026-06-15T22:42:54.989514,364.635515
2026-06-15T22:42:54.990943,375.496443
2026-06-15T22:42:54.992372,386.465575
2026-06-15T22:42:54.993801,397.061549
2026-06-15T22:42:54.995230,405.635014
2026-06-15T22:42:54.996659,406.334572
2026-06-15T22:42:54.998088,396.845697
2026-06-15T22:42:54.999517,386.197844
2026-06-15T22:42:55.000946,378.955182
2026-06-15T22:42:55.002375,361.289063
2026-06-15T22:42:55.003804,354.513335
2026-06-15T22:42:55.005233,348.849094
2026-06-15T22:42:55.006662,344.983671
2026-06-15T22:42:55.008091,350.349940
2026-06-15T22:42:55.009520,361.981319
2026-06-15T22:42:55.010949,372.587722
2026-06-15T22:42:55.012378,387.759601
2026-06-15T22:42:55.013807,395.301464
2026-06-15T22:42:55.015236,404.270774
2026-06-15T22:42:55.016665,404.958382
2026-06-15T22:42:55.018094,397.368646
2026-06-15T22:42:55.019523,388.995887
2026-06-15T22:42:55.020952,377.966485
2026-06-15T22:42:55.022381,362.127650
2026-06-15T22:42:55.023810,351.667506
2026-06-15T22:42:55.025239,345.481799
2026-06-15T22:42:55.026668,346.151322
2026-06-15T22:42:55.028097,351.538481
2026-06-15T22:42:55.029526,363.610542
2026-06-15T22:42:55.030955,377.161558
2026-06-15T22:42:55.032384,389.351553
2026-06-15T22:42:55.033813,399.988346
2026-06-15T22:42:55.035242,402.404639
2026-06-15T22:42:55.036671,402.447121
2026-06-15T22:42:55.038100,398.337570
2026-06-15T22:42:55.039529,387.171521
2026-06-15T22:42:55.040958,373.619207
2026-06-15T22:42:55.042387,362.038192
2026-06-15T22:42:55.043816,351.837770
2026-06-15T22:42:55.045245,342.993571
2026-06-15T22:42:55.046674,343.232679
2026-06-15T22:42:55.048103,351.043546
2026-06-15T22:42:55.049532,360.514217
